{
  "train_loss": [
    0.03158386083432421,
    0.015236981567737144,
    0.012830338329729242,
    0.01104309985354051,
    0.010167951987318662,
    0.009039689983127248,
    0.008259694038737142,
    0.007441862117142655,
    0.006625132106645836,
    0.0063280538894580525,
    0.005897847203468969,
    0.0057030900713138915,
    0.005607224729461439,
    0.0053402199787251714,
    0.0050232690996942,
    0.004908735633349206,
    0.004752692786210809,
    0.004775894893572671,
    0.004444646022785333,
    0.004567964365798246,
    0.00420026377384642,
    0.004523918648442022,
    0.0028839624629174183,
    0.0028173747512504803,
    0.0028597433036017363,
    0.002742795056975373,
    0.0027056793478899164,
    0.0027522686096355733,
    0.0026661969453295508,
    0.002643529126510635,
    0.002740088058073208,
    0.0026060750778317556,
    0.0019873898833834224,
    0.0017808959785062931,
    0.0018382321547013344,
    0.0017849505894592613,
    0.0017998049210610526,
    0.0018345957638613243,
    0.0018368593281016883,
    0.0013371263459696667,
    0.0012982128362411449,
    0.0012948744880003553,
    0.0012299592324279422,
    0.0012320612538543252,
    0.0012407107964961773,
    0.0011875552393186722,
    0.0011923474805043235,
    0.001216154631438675,
    0.0011816698038091182,
    0.0009534434072600517
  ],
  "train_acc": [
    98.94505899705015,
    99.4339970501475,
    99.50995575221239,
    99.56674041297936,
    99.58978613569322,
    99.6316371681416,
    99.65910766961652,
    99.69487463126843,
    99.73045722713864,
    99.74059734513274,
    99.75866519174042,
    99.76640855457227,
    99.77323008849558,
    99.78263274336283,
    99.79830383480827,
    99.8058628318584,
    99.8058628318584,
    99.80604719764011,
    99.82153392330383,
    99.81674041297936,
    99.83425516224189,
    99.82411504424779,
    99.87979351032449,
    99.88403392330383,
    99.88053097345133,
    99.88495575221239,
    99.88606194690266,
    99.88292772861357,
    99.88956489675516,
    99.890302359882,
    99.88421828908555,
    99.89122418879056,
    99.91353244837758,
    99.92606932153393,
    99.92348820058997,
    99.92699115044248,
    99.92127581120944,
    99.92146017699115,
    99.92090707964601,
    99.94376843657817,
    99.94542772861357,
    99.9441371681416,
    99.94727138643069,
    99.9476401179941,
    99.9476401179941,
    99.9494837758112,
    99.94727138643069,
    99.9511430678466,
    99.94634955752213,
    99.95962389380531
  ],
  "test_loss": [
    0.018746130753715128,
    0.013069565209414491,
    0.011817713919807236,
    0.008380183380998253,
    0.008406625688213383,
    0.00693138536472412,
    0.007371675050645726,
    0.006537828581190632,
    0.009161108188814646,
    0.006315141852744539,
    0.005065050334339978,
    0.004239079426118285,
    0.0039253406688587456,
    0.004388944354190925,
    0.0031522694447869023,
    0.003051982208699054,
    0.004044649848737822,
    0.0040267793073886895,
    0.003404229372340752,
    0.0031604963480951647,
    0.0034571712488579154,
    0.0036549190950035983,
    0.002068634955103871,
    0.0022330405177915288,
    0.0022758345501151405,
    0.002309135667613387,
    0.0021069926011531605,
    0.00225583963095734,
    0.002329929445414647,
    0.0022595911986089553,
    0.002346433993403791,
    0.0020061127057280003,
    0.0017260359896762644,
    0.0012980416054969883,
    0.0025015965209845194,
    0.002606899839789417,
    0.0015885118448830575,
    0.0012036256549962355,
    0.0016803400954542055,
    0.0011439832370272673,
    0.0012432354691313853,
    0.001049682221014698,
    0.0011947628053355797,
    0.0010541765733855146,
    0.0008794819555091472,
    0.001261567439838632,
    0.0008496466056722881,
    0.0011442521084886748,
    0.0018081587495884601,
    0.0008172999976968586
  ],
  "test_acc": [
    99.36430678466077,
    99.53023598820059,
    99.58480825958702,
    99.65339233038348,
    99.61504424778761,
    99.67625368731564,
    99.66814159292035,
    99.74631268436578,
    99.570796460177,
    99.7330383480826,
    99.79277286135694,
    99.80825958702064,
    99.85103244837758,
    99.84808259587021,
    99.86946902654867,
    99.89896755162242,
    99.85398230088495,
    99.82964601769912,
    99.85914454277287,
    99.88274336283186,
    99.8613569321534,
    99.83038348082596,
    99.90707964601769,
    99.90634218289085,
    99.89970501474926,
    99.9240412979351,
    99.91740412979351,
    99.90117994100295,
    99.89454277286136,
    99.91297935103245,
    99.89970501474926,
    99.91371681415929,
    99.94469026548673,
    99.94026548672566,
    99.88053097345133,
    99.89454277286136,
    99.92182890855457,
    99.94690265486726,
    99.91592920353982,
    99.94985250737463,
    99.94469026548673,
    99.94985250737463,
    99.96091445427729,
    99.95648967551622,
    99.96017699115045,
    99.9358407079646,
    99.96607669616519,
    99.9476401179941,
    99.91445427728614,
    99.96386430678466
  ],
  "per_class_acc": [
    {
      "GROUND": 99.96904640827788,
      "OBSTACLE": 99.3236544689476,
      "OTHER": 98.79724321920854
    },
    {
      "GROUND": 99.90492825399633,
      "OBSTACLE": 99.12978343724527,
      "OTHER": 99.55758114717652
    },
    {
      "GROUND": 99.90713922483363,
      "OBSTACLE": 99.3016236698905,
      "OTHER": 99.54646509559804
    },
    {
      "GROUND": 99.9181940790201,
      "OBSTACLE": 99.275186711022,
      "OTHER": 99.76878612716763
    },
    {
      "GROUND": 99.65287757854473,
      "OBSTACLE": 99.26637439139918,
      "OTHER": 99.92885726989773
    },
    {
      "GROUND": 99.8761856331115,
      "OBSTACLE": 99.36991914696746,
      "OTHER": 99.7843485993775
    },
    {
      "GROUND": 99.99336708748811,
      "OBSTACLE": 99.36110682734463,
      "OTHER": 99.65095598043575
    },
    {
      "GROUND": 99.88724048729797,
      "OBSTACLE": 99.94932916216871,
      "OTHER": 99.39973321476212
    },
    {
      "GROUND": 99.94693669990492,
      "OBSTACLE": 99.96695380141438,
      "OTHER": 98.79279679857714
    },
    {
      "GROUND": 99.94472572906763,
      "OBSTACLE": 99.3544975876275,
      "OTHER": 99.90217874610939
    },
    {
      "GROUND": 99.94251475823035,
      "OBSTACLE": 99.85459672622326,
      "OTHER": 99.57981325033349
    },
    {
      "GROUND": 99.9204050498574,
      "OBSTACLE": 99.5681963384812,
      "OTHER": 99.93775011116051
    },
    {
      "GROUND": 99.93809281655575,
      "OBSTACLE": 99.82155052763764,
      "OTHER": 99.79324144064029
    },
    {
      "GROUND": 99.81427844966724,
      "OBSTACLE": 99.79951972858055,
      "OTHER": 99.93108048021342
    },
    {
      "GROUND": 99.88060757478608,
      "OBSTACLE": 99.79070740895773,
      "OTHER": 99.93775011116051
    },
    {
      "GROUND": 99.97789029162705,
      "OBSTACLE": 99.94271992245159,
      "OTHER": 99.77545575811472
    },
    {
      "GROUND": 99.85186495390126,
      "OBSTACLE": 99.77969200942918,
      "OTHER": 99.93108048021342
    },
    {
      "GROUND": 99.81427844966724,
      "OBSTACLE": 99.83256592716617,
      "OTHER": 99.84215206758559
    },
    {
      "GROUND": 99.9137721373455,
      "OBSTACLE": 99.78850432905202,
      "OTHER": 99.87550022232104
    },
    {
      "GROUND": 99.81870039134184,
      "OBSTACLE": 99.86120596594039,
      "OTHER": 99.96887505558026
    },
    {
      "GROUND": 99.96241349576599,
      "OBSTACLE": 99.70258421272939,
      "OTHER": 99.91996442863496
    },
    {
      "GROUND": 99.95135864157952,
      "OBSTACLE": 99.99118768037717,
      "OTHER": 99.54646509559804
    },
    {
      "GROUND": 99.92261602069469,
      "OBSTACLE": 99.83917516688331,
      "OTHER": 99.95998221431748
    },
    {
      "GROUND": 99.96904640827788,
      "OBSTACLE": 99.84798748650614,
      "OTHER": 99.90217874610939
    },
    {
      "GROUND": 99.97346834995247,
      "OBSTACLE": 99.86120596594039,